offset,avg_target_forward_volatility,event_count
-2,0.010043173082912086,104
-1,0.009729633439139452,104
0,0.009795057011876924,104
1,0.00951103416136095,104
2,0.010355709846334295,104
