offset,avg_spike_rate,event_count
-2,0.04807692307692308,104
-1,0.028846153846153848,104
0,0.019230769230769232,104
1,0.009615384615384616,104
2,0.028846153846153848,104
